FEATURE,F_TYPE,F_UNIQUE,F_UNIQUE_LEN
hotel,DISC,['Resort Hotel' 'City Hotel'],2.0
is_canceled,DISC,[0 1],2.0
lead_time,CONT,"[  0   1   2   3   4   5   6   7   8   9  10  11  12  13  14  15  16  17
  18  19  20  21  22  23  24  25  26  27  28  29  30  31  32  33  34  35
  36  37  38  39  40  41  42  43  44  45  46  47  48  49  50  51  52  53
  54  55  56  57  58  59  60  61  62  63  64  65  66  67  68  69  70  71
  72  73  74  75  76  77  78  79  80  81  82  83  84  85  86  87  88  89
  90  91  92  93  94  95  96  97  98  99 100 101 102 103 104 105 106 107
 108 109 110 111 112 113 114 115 116 117 118 119 120 121 122 123 124 125
 126 127 128 129 130 131 132 133 134 135 136 137 138 139 140 141 142 143
 144 145 146 147 148 149 150 151 152 153 154 155 156 157 158 159 160 161
 162 163 164 165 166 167 168 169 170 171 172 173 174 175 176 177 178 179
 180 181 182 183 184 185 186 187 188 189 190 191 192 193 194 195 196 197
 198 199 200 201 202 203 204 205 206 207 208 209 210 211 212 213 214 215
 216 217 218 219 220 221 222 223 224 225 226 227 228 229 230 231 232 233
 234 235 236 237 238 239 240 241 242 243 244 245 246 247 248 249 250 251
 252 253 254 255 256 257 258 259 260 261 262 263 264 265 266 267 268 269
 270 271 272 273 274 275 276 277 278 279 280 281 282 283 284 285 286 287
 288 289 290 291 292 293 294 295 296 297 298 299 300 301 302 303 304 305
 306 307 308 309 310 311 312 313 314 315 316 317 318 319 320 321 322 323
 324 325 326 327 328 329 330 331 332 333 334 335 336 337 338 339 340 341
 342 343 344 345 346 347 348 349 350 351 352 353 354 355 356 357 358 359
 360 361 362 363 364 365 366 367 368 370 371 372 373 374 375 376 377 378
 379 380 381 382 383 384 385 386 387 388 389 390 391 393 394 395 396 397
 398 399 400 403 405 406 407 408 409 410 411 412 414 418 419 420 422 423
 424 426 429 433 434 435 437 440 443 444 445 447 448 450 451 454 457 458
 460 461 462 463 464 465 467 468 471 475 476 478 479 482 489 490 493 496
 503 504 507 510 517 518 521 524 531 532 538 542 545 552 559 566 573 580
 587 594 601 605 608 615 622 626 629 709 737]",479.0
arrival_date_year,DISC,[2015 2016 2017],3.0
arrival_date_month,DISC,"['July' 'August' 'September' 'October' 'November' 'December' 'January'
 'February' 'March' 'April' 'May' 'June']",12.0
arrival_date_week_number,CONT,"[ 1  2  3  4  5  6  7  8  9 10 11 12 13 14 15 16 17 18 19 20 21 22 23 24
 25 26 27 28 29 30 31 32 33 34 35 36 37 38 39 40 41 42 43 44 45 46 47 48
 49 50 51 52 53]",53.0
arrival_date_day_of_month,CONT,"[ 1  2  3  4  5  6  7  8  9 10 11 12 13 14 15 16 17 18 19 20 21 22 23 24
 25 26 27 28 29 30 31]",31.0
stays_in_weekend_nights,CONT,[ 0  1  2  3  4  5  6  7  8  9 10 12 13 14 16 18 19],17.0
stays_in_week_nights,CONT,"[ 0  1  2  3  4  5  6  7  8  9 10 11 12 13 14 15 16 17 18 19 20 21 22 24
 25 26 30 32 33 34 35 40 41 42 50]",35.0
adults,DISC,[ 0  1  2  3  4  5  6 10 20 26 27 40 50 55],14.0
children,DISC,[ 0.  1.  2.  3. 10. nan],6.0
babies,DISC,[ 0  1  2  9 10],5.0
meal,DISC,['BB' 'FB' 'HB' 'SC' 'Undefined'],5.0
country,DISC,"['PRT' 'GBR' 'USA' 'ESP' 'IRL' 'FRA' nan 'ROU' 'NOR' 'OMN' 'ARG' 'POL'
 'DEU' 'BEL' 'CHE' 'CN' 'GRC' 'ITA' 'NLD' 'DNK' 'RUS' 'SWE' 'AUS' 'EST'
 'CZE' 'BRA' 'FIN' 'MOZ' 'BWA' 'LUX' 'SVN' 'ALB' 'IND' 'CHN' 'MEX' 'MAR'
 'UKR' 'SMR' 'LVA' 'PRI' 'SRB' 'CHL' 'AUT' 'BLR' 'LTU' 'TUR' 'ZAF' 'AGO'
 'ISR' 'CYM' 'ZMB' 'CPV' 'ZWE' 'DZA' 'KOR' 'CRI' 'HUN' 'ARE' 'TUN' 'JAM'
 'HRV' 'HKG' 'IRN' 'GEO' 'AND' 'GIB' 'URY' 'JEY' 'CAF' 'CYP' 'COL' 'GGY'
 'KWT' 'NGA' 'MDV' 'VEN' 'SVK' 'FJI' 'KAZ' 'PAK' 'IDN' 'LBN' 'PHL' 'SEN'
 'SYC' 'AZE' 'BHR' 'NZL' 'THA' 'DOM' 'MKD' 'MYS' 'ARM' 'JPN' 'LKA' 'CUB'
 'CMR' 'BIH' 'MUS' 'COM' 'SUR' 'UGA' 'BGR' 'CIV' 'JOR' 'SYR' 'SGP' 'BDI'
 'SAU' 'VNM' 'PLW' 'QAT' 'EGY' 'PER' 'MLT' 'MWI' 'ECU' 'MDG' 'ISL' 'UZB'
 'NPL' 'BHS' 'MAC' 'TGO' 'TWN' 'DJI' 'STP' 'KNA' 'ETH' 'IRQ' 'HND' 'RWA'
 'KHM' 'MCO' 'BGD' 'IMN' 'TJK' 'NIC' 'BEN' 'VGB' 'TZA' 'GAB' 'GHA' 'TMP'
 'GLP' 'KEN' 'LIE' 'GNB' 'MNE' 'UMI' 'MYT' 'FRO' 'MMR' 'PAN' 'BFA' 'LBY'
 'MLI' 'NAM' 'BOL' 'PRY' 'BRB' 'ABW' 'AIA' 'SLV' 'DMA' 'PYF' 'GUY' 'LCA'
 'ATA' 'GTM' 'ASM' 'MRT' 'NCL' 'KIR' 'SDN' 'ATF' 'SLE' 'LAO']",178.0
market_segment,DISC,"['Direct' 'Corporate' 'Online TA' 'Offline TA/TO' 'Complementary' 'Groups'
 'Undefined' 'Aviation']",8.0
distribution_channel,DISC,['Direct' 'Corporate' 'TA/TO' 'Undefined' 'GDS'],5.0
is_repeated_guest,DISC,[0 1],2.0
previous_cancellations,DISC,[ 0  1  2  3  4  5  6 11 13 14 19 21 24 25 26],15.0
previous_bookings_not_canceled,CONT,"[ 0  1  2  3  4  5  6  7  8  9 10 11 12 13 14 15 16 17 18 19 20 21 22 23
 24 25 26 27 28 29 30 31 32 33 34 35 36 37 38 39 40 41 42 43 44 45 46 47
 48 49 50 51 52 53 54 55 56 57 58 59 60 61 62 63 64 65 66 67 68 69 70 71
 72]",73.0
reserved_room_type,DISC,['C' 'A' 'D' 'E' 'G' 'F' 'H' 'L' 'P' 'B'],10.0
assigned_room_type,DISC,['C' 'A' 'D' 'E' 'G' 'F' 'I' 'B' 'H' 'P' 'L' 'K'],12.0
booking_changes,DISC,[ 0  1  2  3  4  5  6  7  8  9 10 11 12 13 14 15 16 17 18 20 21],21.0
deposit_type,DISC,['No Deposit' 'Refundable' 'Non Refund'],3.0
agent,DISC,"[  1.   2.   3.   4.   5.   6.   7.   8.   9.  10.  11.  12.  13.  14.
  15.  16.  17.  19.  20.  21.  22.  23.  24.  25.  26.  27.  28.  29.
  30.  31.  32.  33.  34.  35.  36.  37.  38.  39.  40.  41.  42.  44.
  45.  47.  50.  52.  53.  54.  55.  56.  57.  58.  59.  60.  61.  63.
  64.  66.  67.  68.  69.  70.  71.  72.  73.  74.  75.  77.  78.  79.
  81.  82.  83.  85.  86.  87.  88.  89.  90.  91.  92.  93.  94.  95.
  96.  98.  99. 103. 104. 105. 106. 107. 110. 111. 112. 114. 115. 117.
 118. 119. 121. 122. 126. 127. 128. 129. 132. 133. 134. 135. 138. 139.
 141. 142. 143. 144. 146. 147. 148. 149. 150. 151. 152. 153. 154. 155.
 156. 157. 158. 159. 162. 163. 165. 167. 168. 170. 171. 173. 174. 175.
 177. 179. 180. 181. 182. 183. 184. 185. 187. 191. 192. 193. 195. 196.
 197. 201. 205. 208. 210. 211. 213. 214. 215. 216. 219. 220. 223. 227.
 229. 232. 234. 235. 236. 240. 241. 242. 243. 244. 245. 247. 248. 249.
 250. 251. 252. 253. 254. 256. 257. 258. 261. 262. 265. 267. 269. 270.
 273. 275. 276. 278. 280. 281. 282. 283. 285. 286. 287. 288. 289. 290.
 291. 294. 295. 296. 298. 299. 300. 301. 302. 303. 304. 305. 306. 307.
 308. 310. 313. 314. 315. 321. 323. 324. 325. 326. 327. 328. 330. 331.
 332. 333. 334. 335. 336. 337. 339. 341. 344. 346. 348. 350. 352. 354.
 355. 358. 359. 360. 363. 364. 367. 368. 370. 371. 375. 378. 384. 385.
 387. 388. 390. 391. 393. 394. 397. 403. 404. 405. 406. 408. 410. 411.
 414. 416. 418. 420. 423. 425. 426. 427. 429. 430. 431. 432. 433. 434.
 436. 438. 440. 441. 444. 446. 449. 450. 451. 453. 454. 455. 459. 461.
 464. 467. 468. 469. 472. 474. 475. 476. 479. 480. 481. 483. 484. 492.
 493. 495. 497. 502. 508. 509. 510. 526. 527. 531. 535.  nan]",334.0
company,DISC,"[  6.   8.   9.  10.  11.  12.  14.  16.  18.  20.  22.  28.  29.  31.
  32.  34.  35.  37.  38.  39.  40.  42.  43.  45.  46.  47.  48.  49.
  51.  52.  53.  54.  59.  61.  62.  64.  65.  67.  68.  71.  72.  73.
  76.  77.  78.  80.  81.  82.  83.  84.  85.  86.  88.  91.  92.  93.
  94.  96.  99. 100. 101. 102. 103. 104. 105. 106. 107. 108. 109. 110.
 112. 113. 115. 116. 118. 120. 122. 126. 127. 130. 132. 135. 137. 139.
 140. 142. 143. 144. 146. 148. 149. 150. 153. 154. 158. 159. 160. 163.
 165. 167. 168. 169. 174. 178. 179. 180. 183. 184. 185. 186. 192. 193.
 195. 197. 200. 202. 203. 204. 207. 209. 210. 212. 213. 215. 216. 217.
 218. 219. 220. 221. 222. 223. 224. 225. 227. 229. 230. 232. 233. 234.
 237. 238. 240. 242. 243. 245. 246. 250. 251. 253. 254. 255. 257. 258.
 259. 260. 263. 264. 268. 269. 270. 271. 272. 273. 274. 275. 277. 278.
 279. 280. 281. 282. 284. 286. 287. 288. 289. 290. 291. 292. 293. 297.
 301. 302. 304. 305. 307. 308. 309. 311. 312. 313. 314. 316. 317. 318.
 319. 320. 321. 323. 324. 325. 329. 330. 331. 332. 333. 334. 337. 338.
 341. 342. 343. 346. 347. 348. 349. 350. 351. 352. 353. 355. 356. 357.
 358. 360. 361. 362. 364. 365. 366. 367. 368. 369. 370. 371. 372. 373.
 376. 377. 378. 379. 380. 382. 383. 384. 385. 386. 388. 390. 391. 392.
 393. 394. 395. 396. 397. 398. 399. 400. 401. 402. 403. 405. 407. 408.
 409. 410. 411. 412. 413. 415. 416. 417. 418. 419. 420. 421. 422. 423.
 424. 425. 426. 428. 429. 433. 435. 436. 437. 439. 442. 443. 444. 445.
 446. 447. 448. 450. 451. 452. 454. 455. 456. 457. 458. 459. 460. 461.
 465. 466. 470. 477. 478. 479. 481. 482. 483. 484. 485. 486. 487. 489.
 490. 491. 492. 494. 496. 497. 498. 499. 501. 504. 506. 507. 511. 512.
 513. 514. 515. 516. 518. 520. 521. 523. 525. 528. 530. 531. 534. 539.
 541. 543.  nan]",353.0
days_in_waiting_list,CONT,"[  0   1   2   3   4   5   6   7   8   9  10  11  12  13  14  15  16  17
  18  19  20  21  22  23  24  25  26  27  28  30  31  32  33  34  35  36
  37  38  39  40  41  42  43  44  45  46  47  48  49  50  52  53  54  55
  56  57  58  59  60  61  62  63  64  65  68  69  70  71  72  73  74  75
  76  77  79  80  81  83  84  85  87  89  91  92  93  96  97  98  99 100
 101 105 107 108 109 111 113 116 117 120 121 122 125 142 147 150 154 160
 162 165 167 174 175 176 178 183 185 187 193 207 215 223 224 236 259 330
 379 391]",128.0
customer_type,DISC,['Transient' 'Contract' 'Transient-Party' 'Group'],4.0
adr,CONT,[-6.38e+00  0.00e+00  2.60e-01 ...  5.08e+02  5.10e+02  5.40e+03],8879.0
required_car_parking_spaces,DISC,[0 1 2 3 8],5.0
total_of_special_requests,DISC,[0 1 2 3 4 5],6.0
reservation_status,DISC,['Check-Out' 'Canceled' 'No-Show'],3.0
reservation_status_date,DISC,"['2015-07-01' '2015-07-02' '2015-07-03' '2015-05-06' '2015-04-22'
 '2015-06-23' '2015-07-05' '2015-07-06' '2015-07-07' '2015-07-08'
 '2015-05-11' '2015-07-15' '2015-07-16' '2015-05-29' '2015-05-19'
 '2015-06-19' '2015-05-23' '2015-05-18' '2015-07-09' '2015-06-02'
 '2015-07-13' '2015-07-04' '2015-06-29' '2015-06-16' '2015-06-18'
 '2015-06-12' '2015-06-09' '2015-05-26' '2015-07-11' '2015-07-12'
 '2015-07-17' '2015-04-15' '2015-05-13' '2015-07-10' '2015-05-20'
 '2015-05-12' '2015-07-14' '2015-06-17' '2015-05-01' '2015-03-30'
 '2015-07-19' '2015-06-03' '2015-06-26' '2015-05-14' '2015-07-20'
 '2015-05-07' '2015-05-28' '2015-04-13' '2015-03-25' '2015-07-21'
 '2015-06-27' '2015-07-18' '2015-07-23' '2015-06-08' '2015-06-22'
 '2015-06-24' '2015-03-05' '2015-06-01' '2015-04-24' '2015-07-22'
 '2015-05-27' '2015-04-06' '2015-04-11' '2015-07-25' '2015-07-28'
 '2015-07-29' '2015-06-25' '2015-07-24' '2015-06-05' '2015-06-30'
 '2015-06-13' '2015-06-11' '2015-07-30' '2015-07-27' '2015-04-29'
 '2015-06-04' '2015-07-26' '2015-08-01' '2015-08-02' '2015-06-15'
 '2015-04-23' '2015-07-31' '2015-05-25' '2015-08-03' '2015-04-17'
 '2015-08-04' '2015-08-06' '2015-05-15' '2015-05-09' '2015-03-17'
 '2015-05-22' '2015-08-07' '2015-04-04' '2015-08-05' '2015-08-08'
 '2015-08-10' '2015-05-04' '2015-06-06' '2015-08-09' '2015-08-15'
 '2015-08-11' '2015-03-28' '2015-08-14' '2015-08-12' '2015-08-16'
 '2015-05-16' '2015-08-21' '2015-08-13' '2015-08-17' '2015-04-20'
 '2015-08-18' '2015-08-23' '2015-08-22' '2015-08-19' '2015-08-20'
 '2015-08-29' '2015-03-31' '2015-05-30' '2015-08-25' '2015-04-14'
 '2015-08-24' '2015-03-24' '2015-05-21' '2015-08-28' '2015-08-26'
 '2015-08-27' '2015-08-30' '2015-08-31' '2015-09-06' '2015-09-03'
 '2015-09-04' '2015-09-02' '2015-09-01' '2015-09-05' '2015-06-20'
 '2015-09-07' '2015-09-10' '2015-09-11' '2015-09-08' '2015-09-09'
 '2015-09-13' '2015-09-15' '2015-04-10' '2015-01-02' '2014-11-18'
 '2015-09-12' '2015-09-17' '2015-09-14' '2015-04-07' '2015-09-19'
 '2015-09-16' '2015-09-20' '2015-01-18' '2015-10-23' '2015-01-22'
 '2015-01-01' '2015-09-22' '2015-09-24' '2015-09-18' '2015-09-21'
 '2015-09-30' '2015-09-25' '2015-09-27' '2015-09-28' '2015-10-12'
 '2015-09-29' '2015-09-23' '2015-10-01' '2015-09-26' '2015-04-18'
 '2015-10-02' '2015-10-04' '2015-10-08' '2015-10-03' '2015-10-07'
 '2015-10-09' '2015-10-11' '2015-10-05' '2015-10-06' '2015-10-10'
 '2015-10-14' '2015-10-15' '2015-10-18' '2015-10-13' '2015-10-20'
 '2015-10-19' '2015-10-31' '2015-10-16' '2015-10-21' '2015-10-22'
 '2015-10-17' '2015-10-24' '2015-10-25' '2015-10-28' '2015-10-27'
 '2015-10-26' '2015-10-30' '2015-11-05' '2015-10-29' '2015-11-03'
 '2015-11-07' '2015-11-04' '2015-11-01' '2015-11-02' '2015-11-17'
 '2015-11-06' '2015-11-10' '2015-11-08' '2015-11-09' '2015-11-15'
 '2015-11-16' '2015-11-11' '2015-11-12' '2015-11-14' '2015-11-13'
 '2015-11-18' '2015-11-22' '2015-11-19' '2015-11-21' '2015-11-20'
 '2015-11-24' '2015-11-25' '2015-11-23' '2015-11-28' '2015-11-26'
 '2015-11-27' '2015-11-29' '2015-12-04' '2015-12-01' '2015-12-06'
 '2015-12-08' '2015-12-02' '2015-12-03' '2015-12-31' '2015-12-05'
 '2015-12-10' '2015-12-17' '2015-11-30' '2015-12-12' '2015-12-07'
 '2016-01-05' '2015-12-11' '2015-12-13' '2015-12-15' '2015-12-16'
 '2015-12-19' '2015-12-18' '2015-12-26' '2015-12-27' '2015-12-22'
 '2015-12-23' '2015-12-24' '2015-12-29' '2015-12-28' '2015-12-20'
 '2015-12-30' '2016-01-02' '2016-01-01' '2015-12-25' '2016-01-03'
 '2016-01-04' '2016-01-11' '2016-01-07' '2015-12-21' '2016-01-09'
 '2016-01-10' '2016-01-08' '2016-01-06' '2016-01-12' '2016-01-13'
 '2016-01-23' '2016-02-09' '2016-01-15' '2016-01-16' '2016-01-17'
 '2016-01-19' '2016-01-18' '2016-01-21' '2016-01-24' '2016-01-22'
 '2016-01-29' '2016-01-27' '2016-01-25' '2016-03-08' '2016-01-26'
 '2016-01-20' '2016-01-30' '2016-02-01' '2016-02-02' '2016-02-08'
 '2016-02-07' '2016-01-28' '2016-02-05' '2016-02-03' '2016-02-13'
 '2016-02-10' '2016-02-04' '2016-02-12' '2016-02-11' '2016-02-16'
 '2016-02-14' '2016-02-15' '2016-02-20' '2016-02-06' '2016-01-14'
 '2016-02-17' '2016-02-21' '2016-02-24' '2016-02-25' '2016-02-19'
 '2016-02-18' '2016-02-26' '2016-02-23' '2016-03-05' '2016-02-22'
 '2016-02-27' '2016-03-03' '2016-03-24' '2016-03-04' '2016-02-29'
 '2016-03-01' '2016-03-02' '2016-03-30' '2016-03-07' '2016-03-14'
 '2016-03-21' '2016-03-09' '2016-03-12' '2016-03-22' '2016-03-10'
 '2016-03-11' '2016-03-20' '2016-03-15' '2016-03-17' '2016-03-16'
 '2016-03-19' '2016-03-27' '2016-03-18' '2016-03-26' '2016-03-31'
 '2016-03-28' '2016-03-29' '2016-04-01' '2016-03-23' '2016-04-02'
 '2016-03-25' '2016-03-13' '2016-04-04' '2016-04-03' '2016-04-05'
 '2016-04-08' '2016-04-06' '2016-04-09' '2016-04-12' '2016-04-16'
 '2016-04-17' '2016-04-27' '2016-04-14' '2016-04-18' '2016-04-21'
 '2016-04-19' '2016-04-20' '2016-04-10' '2016-04-13' '2016-04-11'
 '2016-04-07' '2016-04-15' '2016-04-22' '2016-04-23' '2016-04-26'
 '2016-04-28' '2016-04-24' '2016-04-25' '2016-04-29' '2016-04-30'
 '2016-05-01' '2016-05-10' '2016-05-02' '2016-05-07' '2016-05-08'
 '2016-05-12' '2016-05-04' '2016-05-06' '2016-05-03' '2016-05-09'
 '2016-05-05' '2016-05-13' '2016-05-14' '2016-05-18' '2016-05-19'
 '2016-05-15' '2016-05-16' '2016-05-11' '2016-05-21' '2016-05-22'
 '2016-05-20' '2016-05-24' '2016-05-25' '2016-05-26' '2016-05-23'
 '2016-05-27' '2016-05-17' '2016-05-29' '2016-05-28' '2016-05-30'
 '2016-05-31' '2016-06-01' '2016-06-03' '2016-06-08' '2016-06-02'
 '2016-06-05' '2016-06-06' '2016-06-13' '2016-06-07' '2016-06-10'
 '2016-06-11' '2016-06-16' '2016-06-12' '2016-06-14' '2016-06-17'
 '2016-06-04' '2016-06-18' '2016-06-21' '2016-06-09' '2016-06-24'
 '2016-06-20' '2016-06-25' '2016-06-22' '2016-06-26' '2016-06-23'
 '2016-07-01' '2016-06-15' '2016-06-28' '2016-07-02' '2016-06-19'
 '2016-06-27' '2016-07-04' '2016-06-30' '2016-07-05' '2016-07-08'
 '2016-07-09' '2016-07-07' '2016-07-12' '2016-06-29' '2016-07-10'
 '2016-07-15' '2016-07-03' '2016-07-16' '2016-07-14' '2016-07-18'
 '2016-07-13' '2016-07-06' '2016-07-20' '2016-07-21' '2016-07-23'
 '2016-07-19' '2016-07-11' '2016-07-28' '2016-07-17' '2016-07-25'
 '2016-07-22' '2016-07-29' '2016-08-03' '2016-08-02' '2016-08-04'
 '2016-08-08' '2016-08-10' '2016-08-01' '2016-08-06' '2016-03-06'
 '2016-08-05' '2016-07-26' '2016-08-07' '2016-07-30' '2016-07-24'
 '2016-08-12' '2016-07-27' '2016-08-13' '2016-08-18' '2016-08-16'
 '2016-08-15' '2016-08-17' '2016-08-11' '2016-07-31' '2016-08-19'
 '2016-09-01' '2016-08-23' '2016-08-26' '2016-08-20' '2016-08-21'
 '2016-09-04' '2016-08-22' '2016-08-27' '2016-08-25' '2016-08-09'
 '2016-09-05' '2016-08-24' '2016-09-10' '2016-08-29' '2016-09-09'
 '2016-08-30' '2016-09-13' '2016-08-31' '2016-09-14' '2016-09-12'
 '2016-09-15' '2016-08-14' '2016-09-02' '2016-09-08' '2016-09-19'
 '2016-09-16' '2016-09-07' '2016-09-21' '2016-09-06' '2016-09-22'
 '2016-09-17' '2016-09-20' '2016-09-03' '2016-09-26' '2016-09-23'
 '2016-09-18' '2016-09-29' '2016-10-02' '2016-10-01' '2016-09-27'
 '2016-09-25' '2016-10-05' '2016-09-11' '2016-09-30' '2016-10-09'
 '2016-10-03' '2016-10-06' '2016-10-11' '2016-09-24' '2016-10-13'
 '2016-09-28' '2016-10-08' '2016-10-07' '2016-10-16' '2016-08-28'
 '2016-10-17' '2016-10-18' '2016-10-10' '2016-10-04' '2016-10-15'
 '2016-10-19' '2016-10-21' '2016-10-12' '2016-10-24' '2016-10-26'
 '2016-10-23' '2016-10-20' '2016-10-25' '2016-10-27' '2016-10-28'
 '2016-10-30' '2016-10-29' '2016-11-01' '2016-11-04' '2016-10-14'
 '2016-11-07' '2016-11-03' '2016-11-10' '2016-11-14' '2016-11-02'
 '2016-10-31' '2016-11-11' '2016-11-08' '2016-11-05' '2016-11-25'
 '2016-11-09' '2016-11-20' '2016-11-21' '2016-10-22' '2016-11-22'
 '2016-11-16' '2016-11-23' '2016-11-17' '2016-11-06' '2016-11-15'
 '2016-11-13' '2016-11-12' '2016-11-27' '2016-11-19' '2016-11-30'
 '2016-11-18' '2016-12-02' '2016-12-04' '2016-11-29' '2016-12-07'
 '2016-11-28' '2016-12-03' '2016-12-06' '2016-11-24' '2016-12-08'
 '2016-12-05' '2016-12-10' '2016-12-13' '2016-12-14' '2016-12-16'
 '2016-12-15' '2016-12-17' '2016-12-19' '2016-12-21' '2016-12-20'
 '2016-12-22' '2016-12-23' '2016-12-24' '2016-12-01' '2016-12-27'
 '2016-12-29' '2016-12-30' '2016-12-12' '2017-01-02' '2016-12-11'
 '2017-01-03' '2017-01-04' '2017-01-01' '2016-12-26' '2017-01-06'
 '2016-12-28' '2016-12-18' '2017-01-10' '2017-01-11' '2017-01-07'
 '2017-01-12' '2017-01-16' '2017-01-14' '2017-01-13' '2017-01-05'
 '2017-01-17' '2017-01-20' '2016-12-09' '2017-01-26' '2016-12-31'
 '2017-01-23' '2017-01-27' '2017-01-28' '2017-01-19' '2017-01-25'
 '2017-01-24' '2017-01-29' '2017-01-18' '2016-12-25' '2017-01-15'
 '2017-01-21' '2017-02-01' '2017-02-02' '2017-01-31' '2017-02-03'
 '2017-02-04' '2017-02-06' '2017-02-07' '2017-02-08' '2017-01-30'
 '2017-02-09' '2017-01-09' '2017-02-11' '2017-02-10' '2017-02-12'
 '2017-02-13' '2017-02-14' '2017-02-16' '2017-02-17' '2017-02-18'
 '2017-02-19' '2017-02-20' '2017-02-15' '2017-02-21' '2017-02-22'
 '2017-02-26' '2017-02-23' '2017-02-24' '2017-02-25' '2017-02-28'
 '2017-03-05' '2017-02-27' '2017-03-03' '2017-03-06' '2017-03-02'
 '2017-03-08' '2017-03-09' '2017-03-10' '2017-03-07' '2017-03-12'
 '2017-03-13' '2017-03-14' '2017-03-01' '2017-03-18' '2017-03-17'
 '2017-03-24' '2017-03-22' '2017-03-26' '2017-03-27' '2017-03-11'
 '2017-03-28' '2017-03-29' '2017-03-30' '2017-03-31' '2017-03-19'
 '2017-01-22' '2017-04-02' '2017-03-20' '2017-04-03' '2017-01-08'
 '2017-03-23' '2017-04-05' '2017-02-05' '2017-04-04' '2017-03-15'
 '2017-04-07' '2017-03-25' '2017-04-08' '2017-04-06' '2017-03-21'
 '2017-04-10' '2017-04-01' '2017-04-11' '2017-04-13' '2017-04-15'
 '2017-04-12' '2017-03-04' '2017-04-19' '2017-04-22' '2017-04-20'
 '2017-05-02' '2017-04-09' '2017-04-23' '2017-04-24' '2017-04-16'
 '2017-04-28' '2017-04-18' '2017-04-26' '2017-04-25' '2017-04-17'
 '2017-04-21' '2017-05-03' '2017-05-04' '2017-03-16' '2017-05-05'
 '2017-04-29' '2017-04-14' '2017-05-08' '2017-04-27' '2017-05-11'
 '2017-05-01' '2017-05-10' '2017-05-13' '2017-05-06' '2017-05-14'
 '2017-05-16' '2017-04-30' '2017-05-15' '2017-05-07' '2017-05-09'
 '2017-05-17' '2017-05-21' '2017-05-12' '2017-05-22' '2017-05-24'
 '2017-05-23' '2017-05-25' '2017-05-26' '2017-05-28' '2017-05-27'
 '2017-05-29' '2017-05-19' '2017-05-31' '2017-05-20' '2017-06-01'
 '2017-05-30' '2017-06-02' '2016-11-26' '2017-06-04' '2017-06-05'
 '2017-06-06' '2017-06-07' '2017-05-18' '2017-06-09' '2017-06-10'
 '2017-06-11' '2017-06-12' '2017-06-14' '2017-06-08' '2017-06-16'
 '2017-06-13' '2017-06-03' '2017-06-24' '2017-06-20' '2017-06-19'
 '2017-06-21' '2017-06-26' '2017-06-27' '2017-06-22' '2017-06-28'
 '2017-06-15' '2017-06-29' '2017-06-30' '2017-06-18' '2017-07-04'
 '2017-07-08' '2017-07-05' '2017-07-03' '2017-07-07' '2017-07-01'
 '2017-07-06' '2017-07-11' '2017-07-12' '2017-06-23' '2017-07-13'
 '2017-07-02' '2017-07-10' '2017-07-14' '2017-07-15' '2017-07-16'
 '2017-07-18' '2017-07-17' '2017-07-19' '2017-07-20' '2017-07-21'
 '2017-06-25' '2017-06-17' '2017-07-24' '2017-07-26' '2017-07-09'
 '2017-07-27' '2017-07-28' '2017-07-31' '2017-07-29' '2017-07-22'
 '2017-08-02' '2017-08-01' '2017-08-03' '2017-08-04' '2017-07-25'
 '2017-07-23' '2017-08-09' '2017-08-10' '2017-07-30' '2017-08-07'
 '2017-08-13' '2017-08-05' '2017-08-14' '2017-08-08' '2017-08-16'
 '2017-08-17' '2017-08-15' '2017-08-18' '2017-08-20' '2017-08-22'
 '2017-08-06' '2017-08-25' '2017-08-26' '2017-08-23' '2017-08-11'
 '2017-08-27' '2017-08-21' '2017-08-29' '2017-08-31' '2017-08-12'
 '2017-08-19' '2016-01-31' '2017-09-01' '2017-08-28' '2015-04-03'
 '2015-01-21' '2015-01-28' '2015-01-29' '2015-01-30' '2015-02-02'
 '2015-02-05' '2015-02-06' '2015-02-09' '2015-02-10' '2015-02-11'
 '2015-02-12' '2015-02-19' '2015-02-20' '2015-02-23' '2015-02-24'
 '2015-02-25' '2015-02-26' '2015-02-27' '2015-03-03' '2015-03-04'
 '2015-03-06' '2015-03-09' '2015-03-11' '2015-03-12' '2015-03-18'
 '2015-04-02' '2015-06-14' '2015-04-08' '2015-04-16' '2015-04-25'
 '2015-04-28' '2015-05-08' '2017-09-06' '2016-02-28' '2015-12-09'
 '2015-12-14' '2017-09-09' '2017-09-02' '2017-08-24' '2017-08-30'
 '2017-09-03' '2017-09-04' '2017-09-05' '2017-09-07' '2017-09-08'
 '2017-09-10' '2017-09-12' '2017-09-14' '2015-04-30' '2015-04-21'
 '2015-04-05' '2015-03-13' '2015-05-05' '2015-03-29' '2015-06-10'
 '2015-04-27' '2014-10-17' '2015-01-20' '2015-02-17' '2015-03-10'
 '2015-03-23']",926.0
